{
  "AppConfig": {
    "AuthTokenExpireSeconds": 120,
    "SqlCommandTimeout": 120,
    "TermsOfServiceOpenApi": "https://example.com/terms",
    "NameOpenApiContact": "Shayne Boyer",
    "EmailOpenApiContact": "string.Empty",
    "UrlOpenApiContact": "https://twitter.com/spboyer",
    "NameOpenApiLicense": "Use under LICX",
    "UrlOpenApiLicense": "https://example.com/license",
    "Documents": [
      {
        "DocumentName": "Users",
        "Title": "Documents Management Api",
        "Description": "Users - Documents Management Api"
      }
    ],
    "AllowedMethods": [
      "GET",
      "POST",
      "PUT",
      "DELETE"
    ],
    "AllowedHeaders": [
      "Authorization",
      "X-Auth",
      "serial-number",
      "request-id"
    ]
  }
}